{"dist_coeff": [[-101.73925053648426, 13016.830063319372, -0.09623546749583466, 0.048188264119179876, 52.049786344531036]], "camera_matrix": [[13364.603663580861, 0.0, 811.0136788872295], [0.0, 13202.058048451598, 578.4654117928935], [0.0, 0.0, 1.0]]}