{"dist_coeff": [[-17.658213478182205, 474.3650141746725, 0.015348682532987967, 0.0011986582098903018, -8612.738238116222]], "camera_matrix": [[5603.997779696921, 0.0, 824.6354508926414], [0.0, 5563.642373101416, 677.0071597996655], [0.0, 0.0, 1.0]]}